<?xml version="1.0" encoding="UTF-8"?>
<spirit:component xmlns:xilinx="http://www.xilinx.com" xmlns:spirit="http://www.spiritconsortium.org/XMLSchema/SPIRIT/1685-2009" xmlns:xsi="http://www.w3.org/2001/XMLSchema-instance">
  <spirit:vendor>xilinx.com</spirit:vendor>
  <spirit:library>customized_ip</spirit:library>
  <spirit:name>UAL_CMP_4B_0_0</spirit:name>
  <spirit:version>1.0</spirit:version>
  <spirit:model>
    <spirit:ports>
      <spirit:port>
        <spirit:name>A</spirit:name>
        <spirit:wire>
          <spirit:direction>in</spirit:direction>
          <spirit:vector>
            <spirit:left spirit:format="long">3</spirit:left>
            <spirit:right spirit:format="long">0</spirit:right>
          </spirit:vector>
          <spirit:wireTypeDefs>
            <spirit:wireTypeDef>
              <spirit:typeName>STD_LOGIC_VECTOR</spirit:typeName>
              <spirit:viewNameRef>dummy_view</spirit:viewNameRef>
            </spirit:wireTypeDef>
          </spirit:wireTypeDefs>
        </spirit:wire>
      </spirit:port>
      <spirit:port>
        <spirit:name>B</spirit:name>
        <spirit:wire>
          <spirit:direction>in</spirit:direction>
          <spirit:vector>
            <spirit:left spirit:format="long">3</spirit:left>
            <spirit:right spirit:format="long">0</spirit:right>
          </spirit:vector>
          <spirit:wireTypeDefs>
            <spirit:wireTypeDef>
              <spirit:typeName>STD_LOGIC_VECTOR</spirit:typeName>
              <spirit:viewNameRef>dummy_view</spirit:viewNameRef>
            </spirit:wireTypeDef>
          </spirit:wireTypeDefs>
        </spirit:wire>
      </spirit:port>
      <spirit:port>
        <spirit:name>S</spirit:name>
        <spirit:wire>
          <spirit:direction>out</spirit:direction>
          <spirit:vector>
            <spirit:left spirit:format="long">3</spirit:left>
            <spirit:right spirit:format="long">0</spirit:right>
          </spirit:vector>
          <spirit:wireTypeDefs>
            <spirit:wireTypeDef>
              <spirit:typeName>STD_LOGIC_VECTOR</spirit:typeName>
              <spirit:viewNameRef>dummy_view</spirit:viewNameRef>
            </spirit:wireTypeDef>
          </spirit:wireTypeDefs>
        </spirit:wire>
      </spirit:port>
    </spirit:ports>
  </spirit:model>
  <spirit:description>CMP_4B_v1_0</spirit:description>
  <spirit:parameters>
    <spirit:parameter>
      <spirit:name>Component_Name</spirit:name>
      <spirit:value spirit:resolve="user" spirit:id="PARAM_VALUE.Component_Name" spirit:order="1">UAL_CMP_4B_0_0</spirit:value>
    </spirit:parameter>
  </spirit:parameters>
  <spirit:vendorExtensions>
    <xilinx:coreExtensions>
      <xilinx:displayName>CMP_4B_v1_0</xilinx:displayName>
      <xilinx:definitionSource>IPI</xilinx:definitionSource>
      <xilinx:coreRevision>3</xilinx:coreRevision>
      <xilinx:tags>
        <xilinx:tag xilinx:name="ui.data.coregen.dd@e4e1274_ARCHIVE_LOCATION">c:/Users/Antonin Tritz/ProjetsVivado/ip_repo/CMP_4B</xilinx:tag>
        <xilinx:tag xilinx:name="ui.data.coregen.dd@6e12905a_ARCHIVE_LOCATION">c:/Users/Antonin Tritz/ProjetsVivado/ip_repo/CMP_4B</xilinx:tag>
        <xilinx:tag xilinx:name="ui.data.coregen.dd@3da3de97_ARCHIVE_LOCATION">c:/Users/Antonin Tritz/ProjetsVivado/ip_repo/CMP_4B</xilinx:tag>
        <xilinx:tag xilinx:name="ui.data.coregen.dd@54331592_ARCHIVE_LOCATION">c:/Users/Antonin Tritz/ProjetsVivado/ip_repo/CMP_4B</xilinx:tag>
        <xilinx:tag xilinx:name="ui.data.coregen.dd@1c17cc9d_ARCHIVE_LOCATION">c:/Users/Antonin Tritz/ProjetsVivado/ip_repo/CMP_4B</xilinx:tag>
        <xilinx:tag xilinx:name="ui.data.coregen.dd@193184d2_ARCHIVE_LOCATION">c:/Users/Antonin Tritz/ProjetsVivado/ip_repo/CMP_4B</xilinx:tag>
        <xilinx:tag xilinx:name="ui.data.coregen.dd@1c49f3cd_ARCHIVE_LOCATION">c:/Users/Antonin Tritz/ProjetsVivado/ip_repo/CMP_4B</xilinx:tag>
        <xilinx:tag xilinx:name="ui.data.coregen.dd@65ed2127_ARCHIVE_LOCATION">c:/Users/Antonin Tritz/ProjetsVivado/ip_repo/CMP_4B</xilinx:tag>
        <xilinx:tag xilinx:name="ui.data.coregen.dd@78952224_ARCHIVE_LOCATION">c:/Users/Antonin Tritz/ProjetsVivado/ip_repo/CMP_4B</xilinx:tag>
        <xilinx:tag xilinx:name="ui.data.coregen.dd@63f2133d_ARCHIVE_LOCATION">c:/Users/Antonin Tritz/ProjetsVivado/ip_repo/CMP_4B</xilinx:tag>
      </xilinx:tags>
    </xilinx:coreExtensions>
    <xilinx:packagingInfo>
      <xilinx:xilinxVersion>2020.1</xilinx:xilinxVersion>
      <xilinx:checksum xilinx:scope="fileGroups" xilinx:value="ad00136f"/>
      <xilinx:checksum xilinx:scope="ports" xilinx:value="ecc903da"/>
      <xilinx:checksum xilinx:scope="parameters" xilinx:value="c6ae719d"/>
    </xilinx:packagingInfo>
  </spirit:vendorExtensions>
</spirit:component>
