<?xml version="1.0" encoding="UTF-8"?>
<spirit:component xmlns:xilinx="http://www.xilinx.com" xmlns:spirit="http://www.spiritconsortium.org/XMLSchema/SPIRIT/1685-2009" xmlns:xsi="http://www.w3.org/2001/XMLSchema-instance">
  <spirit:vendor>xilinx.com</spirit:vendor>
  <spirit:library>user</spirit:library>
  <spirit:name>CMP_4B</spirit:name>
  <spirit:version>1.0</spirit:version>
  <spirit:model>
    <spirit:views>
      <spirit:view>
        <spirit:name>xilinx_anylanguagesynthesis</spirit:name>
        <spirit:displayName>Synthesis</spirit:displayName>
        <spirit:envIdentifier>:vivado.xilinx.com:synthesis</spirit:envIdentifier>
        <spirit:language>VHDL</spirit:language>
        <spirit:modelName>CMP_4B</spirit:modelName>
        <spirit:fileSetRef>
          <spirit:localName>xilinx_anylanguagesynthesis_xilinx_com_user_ATAD_SPLIT_4_1_0__ref_view_fileset</spirit:localName>
        </spirit:fileSetRef>
        <spirit:fileSetRef>
          <spirit:localName>xilinx_anylanguagesynthesis_xilinx_com_xup_xup_xnor2_1_0__ref_view_fileset</spirit:localName>
        </spirit:fileSetRef>
        <spirit:fileSetRef>
          <spirit:localName>xilinx_anylanguagesynthesis_xilinx_com_ip_xlconcat_2_1__ref_view_fileset</spirit:localName>
        </spirit:fileSetRef>
        <spirit:fileSetRef>
          <spirit:localName>xilinx_anylanguagesynthesis_view_fileset</spirit:localName>
        </spirit:fileSetRef>
        <spirit:parameters>
          <spirit:parameter>
            <spirit:name>viewChecksum</spirit:name>
            <spirit:value>aa4d009d</spirit:value>
          </spirit:parameter>
        </spirit:parameters>
      </spirit:view>
      <spirit:view>
        <spirit:name>xilinx_anylanguagebehavioralsimulation</spirit:name>
        <spirit:displayName>Simulation</spirit:displayName>
        <spirit:envIdentifier>:vivado.xilinx.com:simulation</spirit:envIdentifier>
        <spirit:language>VHDL</spirit:language>
        <spirit:modelName>CMP_4B</spirit:modelName>
        <spirit:fileSetRef>
          <spirit:localName>xilinx_anylanguagebehavioralsimulation_xilinx_com_user_ATAD_SPLIT_4_1_0__ref_view_fileset</spirit:localName>
        </spirit:fileSetRef>
        <spirit:fileSetRef>
          <spirit:localName>xilinx_anylanguagebehavioralsimulation_xilinx_com_xup_xup_xnor2_1_0__ref_view_fileset</spirit:localName>
        </spirit:fileSetRef>
        <spirit:fileSetRef>
          <spirit:localName>xilinx_anylanguagebehavioralsimulation_xilinx_com_ip_xlconcat_2_1__ref_view_fileset</spirit:localName>
        </spirit:fileSetRef>
        <spirit:fileSetRef>
          <spirit:localName>xilinx_anylanguagebehavioralsimulation_view_fileset</spirit:localName>
        </spirit:fileSetRef>
        <spirit:parameters>
          <spirit:parameter>
            <spirit:name>viewChecksum</spirit:name>
            <spirit:value>5fc8f82f</spirit:value>
          </spirit:parameter>
        </spirit:parameters>
      </spirit:view>
      <spirit:view>
        <spirit:name>xilinx_xpgui</spirit:name>
        <spirit:displayName>UI Layout</spirit:displayName>
        <spirit:envIdentifier>:vivado.xilinx.com:xgui.ui</spirit:envIdentifier>
        <spirit:fileSetRef>
          <spirit:localName>xilinx_xpgui_view_fileset</spirit:localName>
        </spirit:fileSetRef>
        <spirit:parameters>
          <spirit:parameter>
            <spirit:name>viewChecksum</spirit:name>
            <spirit:value>f64a5dae</spirit:value>
          </spirit:parameter>
        </spirit:parameters>
      </spirit:view>
    </spirit:views>
    <spirit:ports>
      <spirit:port>
        <spirit:name>A</spirit:name>
        <spirit:wire>
          <spirit:direction>in</spirit:direction>
          <spirit:vector>
            <spirit:left spirit:format="long">3</spirit:left>
            <spirit:right spirit:format="long">0</spirit:right>
          </spirit:vector>
          <spirit:wireTypeDefs>
            <spirit:wireTypeDef>
              <spirit:typeName>STD_LOGIC_VECTOR</spirit:typeName>
              <spirit:viewNameRef>xilinx_anylanguagesynthesis</spirit:viewNameRef>
              <spirit:viewNameRef>xilinx_anylanguagebehavioralsimulation</spirit:viewNameRef>
            </spirit:wireTypeDef>
          </spirit:wireTypeDefs>
        </spirit:wire>
      </spirit:port>
      <spirit:port>
        <spirit:name>B</spirit:name>
        <spirit:wire>
          <spirit:direction>in</spirit:direction>
          <spirit:vector>
            <spirit:left spirit:format="long">3</spirit:left>
            <spirit:right spirit:format="long">0</spirit:right>
          </spirit:vector>
          <spirit:wireTypeDefs>
            <spirit:wireTypeDef>
              <spirit:typeName>STD_LOGIC_VECTOR</spirit:typeName>
              <spirit:viewNameRef>xilinx_anylanguagesynthesis</spirit:viewNameRef>
              <spirit:viewNameRef>xilinx_anylanguagebehavioralsimulation</spirit:viewNameRef>
            </spirit:wireTypeDef>
          </spirit:wireTypeDefs>
        </spirit:wire>
      </spirit:port>
      <spirit:port>
        <spirit:name>S</spirit:name>
        <spirit:wire>
          <spirit:direction>out</spirit:direction>
          <spirit:vector>
            <spirit:left spirit:format="long">3</spirit:left>
            <spirit:right spirit:format="long">0</spirit:right>
          </spirit:vector>
          <spirit:wireTypeDefs>
            <spirit:wireTypeDef>
              <spirit:typeName>STD_LOGIC_VECTOR</spirit:typeName>
              <spirit:viewNameRef>xilinx_anylanguagesynthesis</spirit:viewNameRef>
              <spirit:viewNameRef>xilinx_anylanguagebehavioralsimulation</spirit:viewNameRef>
            </spirit:wireTypeDef>
          </spirit:wireTypeDefs>
        </spirit:wire>
      </spirit:port>
    </spirit:ports>
  </spirit:model>
  <spirit:fileSets>
    <spirit:fileSet>
      <spirit:name>xilinx_anylanguagesynthesis_view_fileset</spirit:name>
      <spirit:file>
        <spirit:name>src/CMP_4B_ATAD_SPLIT_4_0_0/CMP_4B_ATAD_SPLIT_4_0_0.xci</spirit:name>
        <spirit:userFileType>xci</spirit:userFileType>
        <spirit:userFileType>IMPORTED_FILE</spirit:userFileType>
        <spirit:userFileType>CELL_NAME_ATAD_SPLIT_4_0</spirit:userFileType>
      </spirit:file>
      <spirit:file>
        <spirit:name>src/CMP_4B_ATAD_SPLIT_4_1_0/CMP_4B_ATAD_SPLIT_4_1_0.xci</spirit:name>
        <spirit:userFileType>xci</spirit:userFileType>
        <spirit:userFileType>IMPORTED_FILE</spirit:userFileType>
        <spirit:userFileType>CELL_NAME_ATAD_SPLIT_4_1</spirit:userFileType>
      </spirit:file>
      <spirit:file>
        <spirit:name>src/CMP_4B_xup_xnor2_0_0/CMP_4B_xup_xnor2_0_0.xci</spirit:name>
        <spirit:userFileType>xci</spirit:userFileType>
        <spirit:userFileType>IMPORTED_FILE</spirit:userFileType>
        <spirit:userFileType>CELL_NAME_xup_xnor2_0</spirit:userFileType>
      </spirit:file>
      <spirit:file>
        <spirit:name>src/CMP_4B_xup_xnor2_1_0/CMP_4B_xup_xnor2_1_0.xci</spirit:name>
        <spirit:userFileType>xci</spirit:userFileType>
        <spirit:userFileType>IMPORTED_FILE</spirit:userFileType>
        <spirit:userFileType>CELL_NAME_xup_xnor2_1</spirit:userFileType>
      </spirit:file>
      <spirit:file>
        <spirit:name>src/CMP_4B_xup_xnor2_2_0/CMP_4B_xup_xnor2_2_0.xci</spirit:name>
        <spirit:userFileType>xci</spirit:userFileType>
        <spirit:userFileType>IMPORTED_FILE</spirit:userFileType>
        <spirit:userFileType>CELL_NAME_xup_xnor2_2</spirit:userFileType>
      </spirit:file>
      <spirit:file>
        <spirit:name>src/CMP_4B_xup_xnor2_3_0/CMP_4B_xup_xnor2_3_0.xci</spirit:name>
        <spirit:userFileType>xci</spirit:userFileType>
        <spirit:userFileType>IMPORTED_FILE</spirit:userFileType>
        <spirit:userFileType>CELL_NAME_xup_xnor2_3</spirit:userFileType>
      </spirit:file>
      <spirit:file>
        <spirit:name>src/CMP_4B_xlconcat_0_0/CMP_4B_xlconcat_0_0.xci</spirit:name>
        <spirit:userFileType>xci</spirit:userFileType>
        <spirit:userFileType>IMPORTED_FILE</spirit:userFileType>
        <spirit:userFileType>CELL_NAME_xlconcat_0</spirit:userFileType>
      </spirit:file>
      <spirit:file>
        <spirit:name>src/CMP_4B_ooc.xdc</spirit:name>
        <spirit:userFileType>xdc</spirit:userFileType>
        <spirit:userFileType>IMPORTED_FILE</spirit:userFileType>
        <spirit:userFileType>SCOPED_TO_REF_CMP_4B</spirit:userFileType>
        <spirit:userFileType>USED_IN_out_of_context</spirit:userFileType>
      </spirit:file>
      <spirit:file>
        <spirit:name>src/CMP_4B.vhd</spirit:name>
        <spirit:fileType>vhdlSource</spirit:fileType>
        <spirit:userFileType>CHECKSUM_7f23c4c4</spirit:userFileType>
        <spirit:userFileType>IMPORTED_FILE</spirit:userFileType>
      </spirit:file>
    </spirit:fileSet>
    <spirit:fileSet>
      <spirit:name>xilinx_anylanguagesynthesis_xilinx_com_user_ATAD_SPLIT_4_1_0__ref_view_fileset</spirit:name>
      <spirit:vendorExtensions>
        <xilinx:subCoreRef>
          <xilinx:componentRef xsi:type="xilinx:componentRefType" xilinx:vendor="xilinx.com" xilinx:library="user" xilinx:name="ATAD_SPLIT_4" xilinx:version="1.0">
            <xilinx:mode xilinx:name="create_mode"/>
          </xilinx:componentRef>
        </xilinx:subCoreRef>
      </spirit:vendorExtensions>
    </spirit:fileSet>
    <spirit:fileSet>
      <spirit:name>xilinx_anylanguagesynthesis_xilinx_com_xup_xup_xnor2_1_0__ref_view_fileset</spirit:name>
      <spirit:vendorExtensions>
        <xilinx:subCoreRef>
          <xilinx:componentRef xilinx:vendor="xilinx.com" xilinx:library="xup" xilinx:name="xup_xnor2" xilinx:version="1.0">
            <xilinx:mode xilinx:name="create_mode"/>
          </xilinx:componentRef>
        </xilinx:subCoreRef>
      </spirit:vendorExtensions>
    </spirit:fileSet>
    <spirit:fileSet>
      <spirit:name>xilinx_anylanguagesynthesis_xilinx_com_ip_xlconcat_2_1__ref_view_fileset</spirit:name>
      <spirit:vendorExtensions>
        <xilinx:subCoreRef>
          <xilinx:componentRef xilinx:vendor="xilinx.com" xilinx:library="ip" xilinx:name="xlconcat" xilinx:version="2.1">
            <xilinx:mode xilinx:name="create_mode"/>
          </xilinx:componentRef>
        </xilinx:subCoreRef>
      </spirit:vendorExtensions>
    </spirit:fileSet>
    <spirit:fileSet>
      <spirit:name>xilinx_anylanguagebehavioralsimulation_view_fileset</spirit:name>
      <spirit:file>
        <spirit:name>src/CMP_4B_ATAD_SPLIT_4_0_0/CMP_4B_ATAD_SPLIT_4_0_0.xci</spirit:name>
        <spirit:userFileType>xci</spirit:userFileType>
        <spirit:userFileType>IMPORTED_FILE</spirit:userFileType>
        <spirit:userFileType>CELL_NAME_ATAD_SPLIT_4_0</spirit:userFileType>
      </spirit:file>
      <spirit:file>
        <spirit:name>src/CMP_4B_ATAD_SPLIT_4_1_0/CMP_4B_ATAD_SPLIT_4_1_0.xci</spirit:name>
        <spirit:userFileType>xci</spirit:userFileType>
        <spirit:userFileType>IMPORTED_FILE</spirit:userFileType>
        <spirit:userFileType>CELL_NAME_ATAD_SPLIT_4_1</spirit:userFileType>
      </spirit:file>
      <spirit:file>
        <spirit:name>src/CMP_4B_xup_xnor2_0_0/CMP_4B_xup_xnor2_0_0.xci</spirit:name>
        <spirit:userFileType>xci</spirit:userFileType>
        <spirit:userFileType>IMPORTED_FILE</spirit:userFileType>
        <spirit:userFileType>CELL_NAME_xup_xnor2_0</spirit:userFileType>
      </spirit:file>
      <spirit:file>
        <spirit:name>src/CMP_4B_xup_xnor2_1_0/CMP_4B_xup_xnor2_1_0.xci</spirit:name>
        <spirit:userFileType>xci</spirit:userFileType>
        <spirit:userFileType>IMPORTED_FILE</spirit:userFileType>
        <spirit:userFileType>CELL_NAME_xup_xnor2_1</spirit:userFileType>
      </spirit:file>
      <spirit:file>
        <spirit:name>src/CMP_4B_xup_xnor2_2_0/CMP_4B_xup_xnor2_2_0.xci</spirit:name>
        <spirit:userFileType>xci</spirit:userFileType>
        <spirit:userFileType>IMPORTED_FILE</spirit:userFileType>
        <spirit:userFileType>CELL_NAME_xup_xnor2_2</spirit:userFileType>
      </spirit:file>
      <spirit:file>
        <spirit:name>src/CMP_4B_xup_xnor2_3_0/CMP_4B_xup_xnor2_3_0.xci</spirit:name>
        <spirit:userFileType>xci</spirit:userFileType>
        <spirit:userFileType>IMPORTED_FILE</spirit:userFileType>
        <spirit:userFileType>CELL_NAME_xup_xnor2_3</spirit:userFileType>
      </spirit:file>
      <spirit:file>
        <spirit:name>src/CMP_4B_xlconcat_0_0/CMP_4B_xlconcat_0_0.xci</spirit:name>
        <spirit:userFileType>xci</spirit:userFileType>
        <spirit:userFileType>IMPORTED_FILE</spirit:userFileType>
        <spirit:userFileType>CELL_NAME_xlconcat_0</spirit:userFileType>
      </spirit:file>
      <spirit:file>
        <spirit:name>sim/CMP_4B.vhd</spirit:name>
        <spirit:fileType>vhdlSource</spirit:fileType>
        <spirit:userFileType>IMPORTED_FILE</spirit:userFileType>
      </spirit:file>
    </spirit:fileSet>
    <spirit:fileSet>
      <spirit:name>xilinx_anylanguagebehavioralsimulation_xilinx_com_user_ATAD_SPLIT_4_1_0__ref_view_fileset</spirit:name>
      <spirit:vendorExtensions>
        <xilinx:subCoreRef>
          <xilinx:componentRef xilinx:vendor="xilinx.com" xilinx:library="user" xilinx:name="ATAD_SPLIT_4" xilinx:version="1.0">
            <xilinx:mode xilinx:name="create_mode"/>
          </xilinx:componentRef>
        </xilinx:subCoreRef>
      </spirit:vendorExtensions>
    </spirit:fileSet>
    <spirit:fileSet>
      <spirit:name>xilinx_anylanguagebehavioralsimulation_xilinx_com_xup_xup_xnor2_1_0__ref_view_fileset</spirit:name>
      <spirit:vendorExtensions>
        <xilinx:subCoreRef>
          <xilinx:componentRef xilinx:vendor="xilinx.com" xilinx:library="xup" xilinx:name="xup_xnor2" xilinx:version="1.0">
            <xilinx:mode xilinx:name="create_mode"/>
          </xilinx:componentRef>
        </xilinx:subCoreRef>
      </spirit:vendorExtensions>
    </spirit:fileSet>
    <spirit:fileSet>
      <spirit:name>xilinx_anylanguagebehavioralsimulation_xilinx_com_ip_xlconcat_2_1__ref_view_fileset</spirit:name>
      <spirit:vendorExtensions>
        <xilinx:subCoreRef>
          <xilinx:componentRef xilinx:vendor="xilinx.com" xilinx:library="ip" xilinx:name="xlconcat" xilinx:version="2.1">
            <xilinx:mode xilinx:name="create_mode"/>
          </xilinx:componentRef>
        </xilinx:subCoreRef>
      </spirit:vendorExtensions>
    </spirit:fileSet>
    <spirit:fileSet>
      <spirit:name>xilinx_xpgui_view_fileset</spirit:name>
      <spirit:file>
        <spirit:name>xgui/CMP_4B_v1_0.tcl</spirit:name>
        <spirit:fileType>tclSource</spirit:fileType>
        <spirit:userFileType>CHECKSUM_f64a5dae</spirit:userFileType>
        <spirit:userFileType>XGUI_VERSION_2</spirit:userFileType>
      </spirit:file>
    </spirit:fileSet>
  </spirit:fileSets>
  <spirit:description>CMP_4B_v1_0</spirit:description>
  <spirit:parameters>
    <spirit:parameter>
      <spirit:name>Component_Name</spirit:name>
      <spirit:value spirit:resolve="user" spirit:id="PARAM_VALUE.Component_Name" spirit:order="1">CMP_4B_v1_0</spirit:value>
    </spirit:parameter>
  </spirit:parameters>
  <spirit:vendorExtensions>
    <xilinx:coreExtensions>
      <xilinx:supportedFamilies>
        <xilinx:family xilinx:lifeCycle="Production">artix7</xilinx:family>
      </xilinx:supportedFamilies>
      <xilinx:taxonomies>
        <xilinx:taxonomy>/UserIP</xilinx:taxonomy>
      </xilinx:taxonomies>
      <xilinx:displayName>CMP_4B_v1_0</xilinx:displayName>
      <xilinx:definitionSource>IPI</xilinx:definitionSource>
      <xilinx:coreRevision>3</xilinx:coreRevision>
      <xilinx:coreCreationDateTime>2020-10-06T15:10:30Z</xilinx:coreCreationDateTime>
      <xilinx:tags>
        <xilinx:tag xilinx:name="ui.data.coregen.dd@e4e1274_ARCHIVE_LOCATION">c:/Users/Antonin Tritz/ProjetsVivado/ip_repo/CMP_4B</xilinx:tag>
        <xilinx:tag xilinx:name="ui.data.coregen.dd@6e12905a_ARCHIVE_LOCATION">c:/Users/Antonin Tritz/ProjetsVivado/ip_repo/CMP_4B</xilinx:tag>
        <xilinx:tag xilinx:name="ui.data.coregen.dd@3da3de97_ARCHIVE_LOCATION">c:/Users/Antonin Tritz/ProjetsVivado/ip_repo/CMP_4B</xilinx:tag>
        <xilinx:tag xilinx:name="ui.data.coregen.dd@54331592_ARCHIVE_LOCATION">c:/Users/Antonin Tritz/ProjetsVivado/ip_repo/CMP_4B</xilinx:tag>
        <xilinx:tag xilinx:name="ui.data.coregen.dd@1c17cc9d_ARCHIVE_LOCATION">c:/Users/Antonin Tritz/ProjetsVivado/ip_repo/CMP_4B</xilinx:tag>
        <xilinx:tag xilinx:name="ui.data.coregen.dd@193184d2_ARCHIVE_LOCATION">c:/Users/Antonin Tritz/ProjetsVivado/ip_repo/CMP_4B</xilinx:tag>
        <xilinx:tag xilinx:name="ui.data.coregen.dd@1c49f3cd_ARCHIVE_LOCATION">c:/Users/Antonin Tritz/ProjetsVivado/ip_repo/CMP_4B</xilinx:tag>
        <xilinx:tag xilinx:name="ui.data.coregen.dd@65ed2127_ARCHIVE_LOCATION">c:/Users/Antonin Tritz/ProjetsVivado/ip_repo/CMP_4B</xilinx:tag>
        <xilinx:tag xilinx:name="ui.data.coregen.dd@78952224_ARCHIVE_LOCATION">c:/Users/Antonin Tritz/ProjetsVivado/ip_repo/CMP_4B</xilinx:tag>
        <xilinx:tag xilinx:name="ui.data.coregen.dd@63f2133d_ARCHIVE_LOCATION">c:/Users/Antonin Tritz/ProjetsVivado/ip_repo/CMP_4B</xilinx:tag>
      </xilinx:tags>
    </xilinx:coreExtensions>
    <xilinx:packagingInfo>
      <xilinx:xilinxVersion>2020.1</xilinx:xilinxVersion>
      <xilinx:checksum xilinx:scope="fileGroups" xilinx:value="ad00136f"/>
      <xilinx:checksum xilinx:scope="ports" xilinx:value="ecc903da"/>
      <xilinx:checksum xilinx:scope="parameters" xilinx:value="c6ae719d"/>
    </xilinx:packagingInfo>
  </spirit:vendorExtensions>
</spirit:component>
